library,language,dataset_name,dataset_size,query,mechanism,epsilon,mae,avg_time_ms,runs,lower,upper
GoogleDP,C++,Small (10k rows),10000,Count,Laplace,0.1,8.4666666667,0.6004660333,30,-100.0,100.0
GoogleDP,C++,Small (10k rows),10000,Count,Laplace,0.5,2.2333333333,0.6391577,30,-100.0,100.0
GoogleDP,C++,Small (10k rows),10000,Count,Laplace,1.0,1.0,0.6666748667,30,-100.0,100.0
GoogleDP,C++,Small (10k rows),10000,Count,Laplace,1.5,0.7333333333,0.6754732333,30,-100.0,100.0
GoogleDP,C++,Small (10k rows),10000,Count,Laplace,2.0,0.2333333333,0.6873200667,30,-100.0,100.0
GoogleDP,C++,Small (10k rows),10000,Count,Laplace,2.5,0.3666666667,0.6893023,30,-100.0,100.0
GoogleDP,C++,Small (10k rows),10000,Count,Laplace,3.0,0.2,0.6788926667,30,-100.0,100.0
GoogleDP,C++,Small (10k rows),10000,Sum,Laplace,0.1,1268.2358971242,0.1106783,30,-100.0,100.0
GoogleDP,C++,Small (10k rows),10000,Sum,Laplace,0.5,275.3985846366,0.1112275,30,-100.0,100.0
GoogleDP,C++,Small (10k rows),10000,Sum,Laplace,1.0,87.3674758103,0.1075145,30,-100.0,100.0
GoogleDP,C++,Small (10k rows),10000,Sum,Laplace,1.5,60.5302657451,0.1094380333,30,-100.0,100.0
GoogleDP,C++,Small (10k rows),10000,Sum,Laplace,2.0,72.2537252355,0.1058001667,30,-100.0,100.0
GoogleDP,C++,Small (10k rows),10000,Sum,Laplace,2.5,45.9998742045,0.1138264667,30,-100.0,100.0
GoogleDP,C++,Small (10k rows),10000,Sum,Laplace,3.0,30.7322188298,0.1149288,30,-100.0,100.0
GoogleDP,C++,Medium (100k rows),100000,Count,Laplace,0.1,9.6333333333,6.6956376333,30,-100.0,100.0
GoogleDP,C++,Medium (100k rows),100000,Count,Laplace,0.5,1.9,6.7098230667,30,-100.0,100.0
GoogleDP,C++,Medium (100k rows),100000,Count,Laplace,1.0,0.8333333333,6.8195412333,30,-100.0,100.0
GoogleDP,C++,Medium (100k rows),100000,Count,Laplace,1.5,0.4,6.7273205667,30,-100.0,100.0
GoogleDP,C++,Medium (100k rows),100000,Count,Laplace,2.0,0.4333333333,6.7259879333,30,-100.0,100.0
GoogleDP,C++,Medium (100k rows),100000,Count,Laplace,2.5,0.2333333333,6.7242250333,30,-100.0,100.0
GoogleDP,C++,Medium (100k rows),100000,Count,Laplace,3.0,0.2,6.7518311,30,-100.0,100.0
GoogleDP,C++,Medium (100k rows),100000,Sum,Laplace,0.1,1212.2375800257,0.8778353333,30,-100.0,100.0
GoogleDP,C++,Medium (100k rows),100000,Sum,Laplace,0.5,157.6384554366,0.9201027,30,-100.0,100.0
GoogleDP,C++,Medium (100k rows),100000,Sum,Laplace,1.0,84.2873159264,0.9188292333,30,-100.0,100.0
GoogleDP,C++,Medium (100k rows),100000,Sum,Laplace,1.5,82.4072606264,0.8982988,30,-100.0,100.0
GoogleDP,C++,Medium (100k rows),100000,Sum,Laplace,2.0,44.8647356318,0.9361391,30,-100.0,100.0
GoogleDP,C++,Medium (100k rows),100000,Sum,Laplace,2.5,32.2858352929,0.9238294333,30,-100.0,100.0
GoogleDP,C++,Medium (100k rows),100000,Sum,Laplace,3.0,35.9742731284,0.9156065333,30,-100.0,100.0
GoogleDP,C++,Large (1M rows),1000000,Count,Laplace,0.1,11.8,63.0155809333,30,-100.0,100.0
GoogleDP,C++,Large (1M rows),1000000,Count,Laplace,0.5,1.8333333333,58.5508183667,30,-100.0,100.0
GoogleDP,C++,Large (1M rows),1000000,Count,Laplace,1.0,1.0333333333,58.7675030667,30,-100.0,100.0
GoogleDP,C++,Large (1M rows),1000000,Count,Laplace,1.5,0.7666666667,57.9655810333,30,-100.0,100.0
GoogleDP,C++,Large (1M rows),1000000,Count,Laplace,2.0,0.3666666667,58.4299673,30,-100.0,100.0
GoogleDP,C++,Large (1M rows),1000000,Count,Laplace,2.5,0.3666666667,58.4285204667,30,-100.0,100.0
GoogleDP,C++,Large (1M rows),1000000,Count,Laplace,3.0,0.1333333333,58.2688567667,30,-100.0,100.0
GoogleDP,C++,Large (1M rows),1000000,Sum,Laplace,0.1,1183.8178490387,7.4038641667,30,-100.0,100.0
GoogleDP,C++,Large (1M rows),1000000,Sum,Laplace,0.5,215.0057428475,7.2385378333,30,-100.0,100.0
GoogleDP,C++,Large (1M rows),1000000,Sum,Laplace,1.0,108.3378540983,7.3653728,30,-100.0,100.0
GoogleDP,C++,Large (1M rows),1000000,Sum,Laplace,1.5,82.1706369787,7.3124119,30,-100.0,100.0
GoogleDP,C++,Large (1M rows),1000000,Sum,Laplace,2.0,56.52874237,7.3041324,30,-100.0,100.0
GoogleDP,C++,Large (1M rows),1000000,Sum,Laplace,2.5,33.9542488835,7.2097922333,30,-100.0,100.0
GoogleDP,C++,Large (1M rows),1000000,Sum,Laplace,3.0,36.5974209473,7.3140152,30,-100.0,100.0
GoogleDP,C++,Small (10k rows),10000,Count,Laplace,0.1,8.2666666667,0.6042524667,30,-100.0,100.0
GoogleDP,C++,Small (10k rows),10000,Count,Laplace,0.5,2.2333333333,0.6115469333,30,-100.0,100.0
GoogleDP,C++,Small (10k rows),10000,Count,Laplace,1.0,0.7666666667,0.5922607333,30,-100.0,100.0
GoogleDP,C++,Small (10k rows),10000,Count,Laplace,1.5,0.5666666667,0.6033726,30,-100.0,100.0
GoogleDP,C++,Small (10k rows),10000,Count,Laplace,2.0,0.5333333333,0.5926956667,30,-100.0,100.0
GoogleDP,C++,Small (10k rows),10000,Count,Laplace,2.5,0.4666666667,0.6027575667,30,-100.0,100.0
GoogleDP,C++,Small (10k rows),10000,Count,Laplace,3.0,0.3,0.5926755667,30,-100.0,100.0
GoogleDP,C++,Small (10k rows),10000,Count,Gaussian,0.1,17.1333333333,0.6059408333,30,-100.0,100.0
GoogleDP,C++,Small (10k rows),10000,Count,Gaussian,0.5,5.1333333333,0.6081177333,30,-100.0,100.0
GoogleDP,C++,Small (10k rows),10000,Count,Gaussian,1.0,3.1666666667,0.6151648,30,-100.0,100.0
GoogleDP,C++,Small (10k rows),10000,Count,Gaussian,1.5,1.9,0.6232549667,30,-100.0,100.0
GoogleDP,C++,Small (10k rows),10000,Count,Gaussian,2.0,1.5333333333,0.6099261333,30,-100.0,100.0
GoogleDP,C++,Small (10k rows),10000,Count,Gaussian,2.5,1.3333333333,0.6211946,30,-100.0,100.0
GoogleDP,C++,Small (10k rows),10000,Count,Gaussian,3.0,0.8,0.6191075667,30,-100.0,100.0
GoogleDP,C++,Small (10k rows),10000,Sum,Laplace,0.1,878.3417172579,0.0972064667,30,-100.0,100.0
GoogleDP,C++,Small (10k rows),10000,Sum,Laplace,0.5,168.4028823526,0.1043766,30,-100.0,100.0
GoogleDP,C++,Small (10k rows),10000,Sum,Laplace,1.0,108.5444128795,0.1087429667,30,-100.0,100.0
GoogleDP,C++,Small (10k rows),10000,Sum,Laplace,1.5,69.3991159648,0.1046369,30,-100.0,100.0
GoogleDP,C++,Small (10k rows),10000,Sum,Laplace,2.0,49.9382400647,0.1044394333,30,-100.0,100.0
GoogleDP,C++,Small (10k rows),10000,Sum,Laplace,2.5,36.0070681381,0.1038424333,30,-100.0,100.0
GoogleDP,C++,Small (10k rows),10000,Sum,Laplace,3.0,27.6540566926,0.1048673667,30,-100.0,100.0
GoogleDP,C++,Small (10k rows),10000,Sum,Gaussian,0.1,2255.5148984569,0.1137888667,30,-100.0,100.0
GoogleDP,C++,Small (10k rows),10000,Sum,Gaussian,0.5,432.248721705,0.1219779333,30,-100.0,100.0
GoogleDP,C++,Small (10k rows),10000,Sum,Gaussian,1.0,318.7566400597,0.1071775333,30,-100.0,100.0
GoogleDP,C++,Small (10k rows),10000,Sum,Gaussian,1.5,162.4125975795,0.1117707,30,-100.0,100.0
GoogleDP,C++,Small (10k rows),10000,Sum,Gaussian,2.0,174.0320313958,0.1165033667,30,-100.0,100.0
GoogleDP,C++,Small (10k rows),10000,Sum,Gaussian,2.5,142.7662132184,0.1146898333,30,-100.0,100.0
GoogleDP,C++,Small (10k rows),10000,Sum,Gaussian,3.0,118.546795804,0.1161600667,30,-100.0,100.0
GoogleDP,C++,Medium (100k rows),100000,Count,Laplace,0.1,7.3333333333,5.9267621,30,-100.0,100.0
GoogleDP,C++,Medium (100k rows),100000,Count,Laplace,0.5,3.3333333333,5.9644952667,30,-100.0,100.0
GoogleDP,C++,Medium (100k rows),100000,Count,Laplace,1.0,0.7666666667,5.9506343333,30,-100.0,100.0
GoogleDP,C++,Medium (100k rows),100000,Count,Laplace,1.5,0.8,5.9249188,30,-100.0,100.0
GoogleDP,C++,Medium (100k rows),100000,Count,Laplace,2.0,0.4,5.8426049667,30,-100.0,100.0
GoogleDP,C++,Medium (100k rows),100000,Count,Laplace,2.5,0.3,5.9841264,30,-100.0,100.0
GoogleDP,C++,Medium (100k rows),100000,Count,Laplace,3.0,0.2333333333,5.9875467333,30,-100.0,100.0
GoogleDP,C++,Medium (100k rows),100000,Count,Gaussian,0.1,27.9333333333,5.9913001,30,-100.0,100.0
GoogleDP,C++,Medium (100k rows),100000,Count,Gaussian,0.5,5.6666666667,5.997412,30,-100.0,100.0
GoogleDP,C++,Medium (100k rows),100000,Count,Gaussian,1.0,2.7333333333,5.8865224667,30,-100.0,100.0
GoogleDP,C++,Medium (100k rows),100000,Count,Gaussian,1.5,2.1,5.935686,30,-100.0,100.0
GoogleDP,C++,Medium (100k rows),100000,Count,Gaussian,2.0,1.3333333333,6.0497825,30,-100.0,100.0
GoogleDP,C++,Medium (100k rows),100000,Count,Gaussian,2.5,1.3,5.9923693333,30,-100.0,100.0
GoogleDP,C++,Medium (100k rows),100000,Count,Gaussian,3.0,1.4333333333,5.9620401,30,-100.0,100.0
GoogleDP,C++,Medium (100k rows),100000,Sum,Laplace,0.1,986.1909528195,0.8601224,30,-100.0,100.0
GoogleDP,C++,Medium (100k rows),100000,Sum,Laplace,0.5,240.0278129832,0.8417227667,30,-100.0,100.0
GoogleDP,C++,Medium (100k rows),100000,Sum,Laplace,1.0,88.56975786,0.8489674,30,-100.0,100.0
GoogleDP,C++,Medium (100k rows),100000,Sum,Laplace,1.5,78.8181173038,0.8308476333,30,-100.0,100.0
GoogleDP,C++,Medium (100k rows),100000,Sum,Laplace,2.0,48.9154500189,0.8373605333,30,-100.0,100.0
GoogleDP,C++,Medium (100k rows),100000,Sum,Laplace,2.5,58.1917413765,0.8398422,30,-100.0,100.0
GoogleDP,C++,Medium (100k rows),100000,Sum,Laplace,3.0,44.605890941,0.8639183667,30,-100.0,100.0
GoogleDP,C++,Medium (100k rows),100000,Sum,Gaussian,0.1,1871.8688790508,0.9090608333,30,-100.0,100.0
GoogleDP,C++,Medium (100k rows),100000,Sum,Gaussian,0.5,538.4767637674,0.8732921667,30,-100.0,100.0
GoogleDP,C++,Medium (100k rows),100000,Sum,Gaussian,1.0,358.0030907053,0.8798885333,30,-100.0,100.0
GoogleDP,C++,Medium (100k rows),100000,Sum,Gaussian,1.5,174.2866745197,0.8546147333,30,-100.0,100.0
GoogleDP,C++,Medium (100k rows),100000,Sum,Gaussian,2.0,146.6608867369,0.8796101333,30,-100.0,100.0
GoogleDP,C++,Medium (100k rows),100000,Sum,Gaussian,2.5,139.2103747622,0.8682629333,30,-100.0,100.0
GoogleDP,C++,Medium (100k rows),100000,Sum,Gaussian,3.0,106.9466364002,0.8588135,30,-100.0,100.0
GoogleDP,C++,Large (1M rows),1000000,Count,Laplace,0.1,8.3666666667,58.5612931333,30,-100.0,100.0
GoogleDP,C++,Large (1M rows),1000000,Count,Laplace,0.5,2.3666666667,58.0346541,30,-100.0,100.0
GoogleDP,C++,Large (1M rows),1000000,Count,Laplace,1.0,0.7666666667,58.0353524,30,-100.0,100.0
GoogleDP,C++,Large (1M rows),1000000,Count,Laplace,1.5,0.4666666667,58.0476641667,30,-100.0,100.0
GoogleDP,C++,Large (1M rows),1000000,Count,Laplace,2.0,0.3666666667,58.0403397,30,-100.0,100.0
GoogleDP,C++,Large (1M rows),1000000,Count,Laplace,2.5,0.3,57.5440178333,30,-100.0,100.0
GoogleDP,C++,Large (1M rows),1000000,Count,Laplace,3.0,0.2,60.4125790667,30,-100.0,100.0
GoogleDP,C++,Large (1M rows),1000000,Count,Gaussian,0.1,22.8333333333,65.1178866667,30,-100.0,100.0
GoogleDP,C++,Large (1M rows),1000000,Count,Gaussian,0.5,5.3,64.2630341333,30,-100.0,100.0
GoogleDP,C++,Large (1M rows),1000000,Count,Gaussian,1.0,2.9333333333,63.9334490333,30,-100.0,100.0
GoogleDP,C++,Large (1M rows),1000000,Count,Gaussian,1.5,1.8333333333,63.6610013,30,-100.0,100.0
GoogleDP,C++,Large (1M rows),1000000,Count,Gaussian,2.0,1.0666666667,63.9762081,30,-100.0,100.0
GoogleDP,C++,Large (1M rows),1000000,Count,Gaussian,2.5,1.2,63.5879922,30,-100.0,100.0
GoogleDP,C++,Large (1M rows),1000000,Count,Gaussian,3.0,0.6666666667,63.7953451667,30,-100.0,100.0
GoogleDP,C++,Large (1M rows),1000000,Sum,Laplace,0.1,746.1781614642,6.9058892667,30,-100.0,100.0
GoogleDP,C++,Large (1M rows),1000000,Sum,Laplace,0.5,253.2592919674,6.983466,30,-100.0,100.0
GoogleDP,C++,Large (1M rows),1000000,Sum,Laplace,1.0,91.2136237861,6.9991415333,30,-100.0,100.0
GoogleDP,C++,Large (1M rows),1000000,Sum,Laplace,1.5,62.8760212843,6.7580743,30,-100.0,100.0
GoogleDP,C++,Large (1M rows),1000000,Sum,Laplace,2.0,61.3252565136,7.0309057667,30,-100.0,100.0
GoogleDP,C++,Large (1M rows),1000000,Sum,Laplace,2.5,38.5364624783,7.0084638,30,-100.0,100.0
GoogleDP,C++,Large (1M rows),1000000,Sum,Laplace,3.0,30.2656432397,7.5174802,30,-100.0,100.0
GoogleDP,C++,Large (1M rows),1000000,Sum,Gaussian,0.1,2164.9333688006,8.3023219667,30,-100.0,100.0
GoogleDP,C++,Large (1M rows),1000000,Sum,Gaussian,0.5,599.026726521,8.4975504667,30,-100.0,100.0
GoogleDP,C++,Large (1M rows),1000000,Sum,Gaussian,1.0,340.1657212695,8.2593084333,30,-100.0,100.0
GoogleDP,C++,Large (1M rows),1000000,Sum,Gaussian,1.5,189.7391918554,8.181865,30,-100.0,100.0
GoogleDP,C++,Large (1M rows),1000000,Sum,Gaussian,2.0,144.8175010545,8.2869192,30,-100.0,100.0
GoogleDP,C++,Large (1M rows),1000000,Sum,Gaussian,2.5,125.579886129,8.156392,30,-100.0,100.0
GoogleDP,C++,Large (1M rows),1000000,Sum,Gaussian,3.0,100.7872503531,8.1483078,30,-100.0,100.0
OpenDP,Rust,Small (10k rows),10000,Count,Laplace,0.1,9.7666666667,0.7244477333,30,-100.0,100.0
OpenDP,Rust,Small (10k rows),10000,Count,Laplace,0.5,1.9,0.7267816,30,-100.0,100.0
OpenDP,Rust,Small (10k rows),10000,Count,Laplace,1.0,0.5,0.7187624333,30,-100.0,100.0
OpenDP,Rust,Small (10k rows),10000,Count,Laplace,1.5,0.5333333333,0.7208562333,30,-100.0,100.0
OpenDP,Rust,Small (10k rows),10000,Count,Laplace,2.0,0.5333333333,0.8096412667,30,-100.0,100.0
OpenDP,Rust,Small (10k rows),10000,Count,Laplace,2.5,0.2666666667,0.8038643333,30,-100.0,100.0
OpenDP,Rust,Small (10k rows),10000,Count,Laplace,3.0,0.1333333333,0.8086695,30,-100.0,100.0
OpenDP,Rust,Small (10k rows),10000,Sum,Laplace,0.1,2112.3245133497,0.9345509667,30,-100.0,100.0
OpenDP,Rust,Small (10k rows),10000,Sum,Laplace,0.5,434.466902635,0.9439625667,30,-100.0,100.0
OpenDP,Rust,Small (10k rows),10000,Sum,Laplace,1.0,160.6140972511,0.9293448667,30,-100.0,100.0
OpenDP,Rust,Small (10k rows),10000,Sum,Laplace,1.5,101.7212003026,0.9471902333,30,-100.0,100.0
OpenDP,Rust,Small (10k rows),10000,Sum,Laplace,2.0,122.6243568279,0.9506102,30,-100.0,100.0
OpenDP,Rust,Small (10k rows),10000,Sum,Laplace,2.5,76.2811184343,0.9517159333,30,-100.0,100.0
OpenDP,Rust,Small (10k rows),10000,Sum,Laplace,3.0,75.8408324038,0.9386395333,30,-100.0,100.0
OpenDP,Rust,Medium (100k rows),100000,Count,Laplace,0.1,8.3666666667,6.9927790333,30,-100.0,100.0
OpenDP,Rust,Medium (100k rows),100000,Count,Laplace,0.5,1.5666666667,7.2789048,30,-100.0,100.0
OpenDP,Rust,Medium (100k rows),100000,Count,Laplace,1.0,1.2,7.9724881667,30,-100.0,100.0
OpenDP,Rust,Medium (100k rows),100000,Count,Laplace,1.5,0.3666666667,7.8617061333,30,-100.0,100.0
OpenDP,Rust,Medium (100k rows),100000,Count,Laplace,2.0,0.4666666667,7.7474016,30,-100.0,100.0
OpenDP,Rust,Medium (100k rows),100000,Count,Laplace,2.5,0.2666666667,7.6354495,30,-100.0,100.0
OpenDP,Rust,Medium (100k rows),100000,Count,Laplace,3.0,0.0666666667,7.6408656333,30,-100.0,100.0
OpenDP,Rust,Medium (100k rows),100000,Sum,Laplace,0.1,1804.682761537,8.6628008667,30,-100.0,100.0
OpenDP,Rust,Medium (100k rows),100000,Sum,Laplace,0.5,337.095565819,8.6632744333,30,-100.0,100.0
OpenDP,Rust,Medium (100k rows),100000,Sum,Laplace,1.0,160.319096852,8.6511879667,30,-100.0,100.0
OpenDP,Rust,Medium (100k rows),100000,Sum,Laplace,1.5,104.6057423725,8.6651650667,30,-100.0,100.0
OpenDP,Rust,Medium (100k rows),100000,Sum,Laplace,2.0,130.7989488677,8.6582978,30,-100.0,100.0
OpenDP,Rust,Medium (100k rows),100000,Sum,Laplace,2.5,109.6550057619,8.7355071,30,-100.0,100.0
OpenDP,Rust,Medium (100k rows),100000,Sum,Laplace,3.0,92.6622721041,8.7806717667,30,-100.0,100.0
OpenDP,Rust,Large (1M rows),1000000,Count,Laplace,0.1,9.4666666667,77.1395104333,30,-100.0,100.0
OpenDP,Rust,Large (1M rows),1000000,Count,Laplace,0.5,2.0,75.3171513,30,-100.0,100.0
OpenDP,Rust,Large (1M rows),1000000,Count,Laplace,1.0,0.9,74.5268007,30,-100.0,100.0
OpenDP,Rust,Large (1M rows),1000000,Count,Laplace,1.5,0.6333333333,73.7647347333,30,-100.0,100.0
OpenDP,Rust,Large (1M rows),1000000,Count,Laplace,2.0,0.2,73.4788751,30,-100.0,100.0
OpenDP,Rust,Large (1M rows),1000000,Count,Laplace,2.5,0.1,73.7035694333,30,-100.0,100.0
OpenDP,Rust,Large (1M rows),1000000,Count,Laplace,3.0,0.1666666667,73.0344782333,30,-100.0,100.0
OpenDP,Rust,Large (1M rows),1000000,Sum,Laplace,0.1,2198.7409688709,83.8745313333,30,-100.0,100.0
OpenDP,Rust,Large (1M rows),1000000,Sum,Laplace,0.5,404.2174528048,83.1567360333,30,-100.0,100.0
OpenDP,Rust,Large (1M rows),1000000,Sum,Laplace,1.0,194.0073935573,82.8957317333,30,-100.0,100.0
OpenDP,Rust,Large (1M rows),1000000,Sum,Laplace,1.5,105.515579483,82.0548518333,30,-100.0,100.0
OpenDP,Rust,Large (1M rows),1000000,Sum,Laplace,2.0,90.9312393497,82.9531599333,30,-100.0,100.0
OpenDP,Rust,Large (1M rows),1000000,Sum,Laplace,2.5,74.507472497,81.8664582,30,-100.0,100.0
OpenDP,Rust,Large (1M rows),1000000,Sum,Laplace,3.0,71.3755637934,79.0355161667,30,-100.0,100.0
OpenDP,Rust,Small (10k rows),10000,Count,Laplace,0.1,7.2666666667,0.7227227333,30,-100.0,100.0
OpenDP,Rust,Small (10k rows),10000,Count,Laplace,0.5,2.3333333333,0.7141375333,30,-100.0,100.0
OpenDP,Rust,Small (10k rows),10000,Count,Laplace,1.0,0.9333333333,0.7358911333,30,-100.0,100.0
OpenDP,Rust,Small (10k rows),10000,Count,Laplace,1.5,0.5,0.7456093333,30,-100.0,100.0
OpenDP,Rust,Small (10k rows),10000,Count,Laplace,2.0,0.2666666667,0.7416078333,30,-100.0,100.0
OpenDP,Rust,Small (10k rows),10000,Count,Laplace,2.5,0.1333333333,0.7538901667,30,-100.0,100.0
OpenDP,Rust,Small (10k rows),10000,Count,Laplace,3.0,0.1666666667,0.7517200667,30,-100.0,100.0
OpenDP,Rust,Small (10k rows),10000,Count,Gaussian,0.1,37.0666666667,0.7308934,30,-100.0,100.0
OpenDP,Rust,Small (10k rows),10000,Count,Gaussian,0.5,7.1333333333,0.7261735,30,-100.0,100.0
OpenDP,Rust,Small (10k rows),10000,Count,Gaussian,1.0,3.4666666667,0.7374072667,30,-100.0,100.0
OpenDP,Rust,Small (10k rows),10000,Count,Gaussian,1.5,2.3,0.7365927,30,-100.0,100.0
OpenDP,Rust,Small (10k rows),10000,Count,Gaussian,2.0,1.7333333333,0.7260673333,30,-100.0,100.0
OpenDP,Rust,Small (10k rows),10000,Count,Gaussian,2.5,1.3,0.7432093,30,-100.0,100.0
OpenDP,Rust,Small (10k rows),10000,Count,Gaussian,3.0,1.4333333333,0.7356458667,30,-100.0,100.0
OpenDP,Rust,Small (10k rows),10000,Sum,Laplace,0.1,1833.3539445258,0.8471100667,30,-100.0,100.0
OpenDP,Rust,Small (10k rows),10000,Sum,Laplace,0.5,272.7282050432,0.8504984333,30,-100.0,100.0
OpenDP,Rust,Small (10k rows),10000,Sum,Laplace,1.0,228.0358114867,0.8494627667,30,-100.0,100.0
OpenDP,Rust,Small (10k rows),10000,Sum,Laplace,1.5,90.7269733844,0.7403322667,30,-100.0,100.0
OpenDP,Rust,Small (10k rows),10000,Sum,Laplace,2.0,88.8919119971,0.7346501667,30,-100.0,100.0
OpenDP,Rust,Small (10k rows),10000,Sum,Laplace,2.5,90.5808107888,0.7309347333,30,-100.0,100.0
OpenDP,Rust,Small (10k rows),10000,Sum,Laplace,3.0,80.5844098984,0.7394283667,30,-100.0,100.0
OpenDP,Rust,Small (10k rows),10000,Sum,Gaussian,0.1,8058.1743263525,0.7590695667,30,-100.0,100.0
OpenDP,Rust,Small (10k rows),10000,Sum,Gaussian,0.5,1330.7755461891,0.7499726,30,-100.0,100.0
OpenDP,Rust,Small (10k rows),10000,Sum,Gaussian,1.0,634.6265574924,0.7501858,30,-100.0,100.0
OpenDP,Rust,Small (10k rows),10000,Sum,Gaussian,1.5,426.5601564313,0.7702148667,30,-100.0,100.0
OpenDP,Rust,Small (10k rows),10000,Sum,Gaussian,2.0,358.8540977094,0.7628343,30,-100.0,100.0
OpenDP,Rust,Small (10k rows),10000,Sum,Gaussian,2.5,324.1846752542,0.7749223,30,-100.0,100.0
OpenDP,Rust,Small (10k rows),10000,Sum,Gaussian,3.0,281.3581081478,0.7621664667,30,-100.0,100.0
OpenDP,Rust,Medium (100k rows),100000,Count,Laplace,0.1,10.7666666667,6.3725602333,30,-100.0,100.0
OpenDP,Rust,Medium (100k rows),100000,Count,Laplace,0.5,1.8333333333,6.3435221667,30,-100.0,100.0
OpenDP,Rust,Medium (100k rows),100000,Count,Laplace,1.0,0.6666666667,6.4507696333,30,-100.0,100.0
OpenDP,Rust,Medium (100k rows),100000,Count,Laplace,1.5,0.3,6.373916,30,-100.0,100.0
OpenDP,Rust,Medium (100k rows),100000,Count,Laplace,2.0,0.2,6.3705055333,30,-100.0,100.0
OpenDP,Rust,Medium (100k rows),100000,Count,Laplace,2.5,0.2333333333,6.3998782667,30,-100.0,100.0
OpenDP,Rust,Medium (100k rows),100000,Count,Laplace,3.0,0.1333333333,6.3843231333,30,-100.0,100.0
OpenDP,Rust,Medium (100k rows),100000,Count,Gaussian,0.1,41.3333333333,6.3886184333,30,-100.0,100.0
OpenDP,Rust,Medium (100k rows),100000,Count,Gaussian,0.5,6.4333333333,6.3242090333,30,-100.0,100.0
OpenDP,Rust,Medium (100k rows),100000,Count,Gaussian,1.0,4.4666666667,6.3923697667,30,-100.0,100.0
OpenDP,Rust,Medium (100k rows),100000,Count,Gaussian,1.5,2.5666666667,6.4090544667,30,-100.0,100.0
OpenDP,Rust,Medium (100k rows),100000,Count,Gaussian,2.0,1.7333333333,6.3917629667,30,-100.0,100.0
OpenDP,Rust,Medium (100k rows),100000,Count,Gaussian,2.5,1.6,6.3615732667,30,-100.0,100.0
OpenDP,Rust,Medium (100k rows),100000,Count,Gaussian,3.0,1.4,6.2552251667,30,-100.0,100.0
OpenDP,Rust,Medium (100k rows),100000,Sum,Laplace,0.1,1974.629957075,7.1487715667,30,-100.0,100.0
OpenDP,Rust,Medium (100k rows),100000,Sum,Laplace,0.5,372.358593165,7.1800039,30,-100.0,100.0
OpenDP,Rust,Medium (100k rows),100000,Sum,Laplace,1.0,208.3039581517,7.0926274333,30,-100.0,100.0
OpenDP,Rust,Medium (100k rows),100000,Sum,Laplace,1.5,115.5909492423,7.1840618333,30,-100.0,100.0
OpenDP,Rust,Medium (100k rows),100000,Sum,Laplace,2.0,90.8707083509,7.1993543667,30,-100.0,100.0
OpenDP,Rust,Medium (100k rows),100000,Sum,Laplace,2.5,90.1378702473,7.0766819333,30,-100.0,100.0
OpenDP,Rust,Medium (100k rows),100000,Sum,Laplace,3.0,60.7205871707,7.0923764667,30,-100.0,100.0
OpenDP,Rust,Medium (100k rows),100000,Sum,Gaussian,0.1,6741.9628868492,7.0814257,30,-100.0,100.0
OpenDP,Rust,Medium (100k rows),100000,Sum,Gaussian,0.5,1403.320762996,7.1079772333,30,-100.0,100.0
OpenDP,Rust,Medium (100k rows),100000,Sum,Gaussian,1.0,804.5870684426,7.0972766333,30,-100.0,100.0
OpenDP,Rust,Medium (100k rows),100000,Sum,Gaussian,1.5,501.9859827629,7.1275841667,30,-100.0,100.0
OpenDP,Rust,Medium (100k rows),100000,Sum,Gaussian,2.0,457.1988689474,7.1791247667,30,-100.0,100.0
OpenDP,Rust,Medium (100k rows),100000,Sum,Gaussian,2.5,274.5667638556,7.1498925667,30,-100.0,100.0
OpenDP,Rust,Medium (100k rows),100000,Sum,Gaussian,3.0,271.6039919694,7.1452848667,30,-100.0,100.0
OpenDP,Rust,Large (1M rows),1000000,Count,Laplace,0.1,10.9666666667,64.3091645,30,-100.0,100.0
OpenDP,Rust,Large (1M rows),1000000,Count,Laplace,0.5,1.9666666667,63.3599335,30,-100.0,100.0
OpenDP,Rust,Large (1M rows),1000000,Count,Laplace,1.0,0.9,62.5352783333,30,-100.0,100.0
OpenDP,Rust,Large (1M rows),1000000,Count,Laplace,1.5,0.5333333333,68.3482119,30,-100.0,100.0
OpenDP,Rust,Large (1M rows),1000000,Count,Laplace,2.0,0.2666666667,73.1990426333,30,-100.0,100.0
OpenDP,Rust,Large (1M rows),1000000,Count,Laplace,2.5,0.0333333333,73.2676767333,30,-100.0,100.0
OpenDP,Rust,Large (1M rows),1000000,Count,Laplace,3.0,0.1666666667,74.2323817333,30,-100.0,100.0
OpenDP,Rust,Large (1M rows),1000000,Count,Gaussian,0.1,36.1,75.1498962,30,-100.0,100.0
OpenDP,Rust,Large (1M rows),1000000,Count,Gaussian,0.5,7.0,68.3309407667,30,-100.0,100.0
OpenDP,Rust,Large (1M rows),1000000,Count,Gaussian,1.0,3.8666666667,64.7805906,30,-100.0,100.0
OpenDP,Rust,Large (1M rows),1000000,Count,Gaussian,1.5,2.7333333333,66.1211471,30,-100.0,100.0
OpenDP,Rust,Large (1M rows),1000000,Count,Gaussian,2.0,2.1333333333,64.7688936,30,-100.0,100.0
OpenDP,Rust,Large (1M rows),1000000,Count,Gaussian,2.5,1.4333333333,70.6523548,30,-100.0,100.0
OpenDP,Rust,Large (1M rows),1000000,Count,Gaussian,3.0,0.8333333333,64.8876227,30,-100.0,100.0
OpenDP,Rust,Large (1M rows),1000000,Sum,Laplace,0.1,2192.9224779384,71.6372705333,30,-100.0,100.0
OpenDP,Rust,Large (1M rows),1000000,Sum,Laplace,0.5,301.6570901469,71.3799428667,30,-100.0,100.0
OpenDP,Rust,Large (1M rows),1000000,Sum,Laplace,1.0,200.9227621758,73.8480573667,30,-100.0,100.0
OpenDP,Rust,Large (1M rows),1000000,Sum,Laplace,1.5,159.7738489754,76.0278512667,30,-100.0,100.0
OpenDP,Rust,Large (1M rows),1000000,Sum,Laplace,2.0,119.9681435742,80.1373707667,30,-100.0,100.0
OpenDP,Rust,Large (1M rows),1000000,Sum,Laplace,2.5,84.1520263276,84.0581358,30,-100.0,100.0
OpenDP,Rust,Large (1M rows),1000000,Sum,Laplace,3.0,76.7213995708,79.4590319667,30,-100.0,100.0
OpenDP,Rust,Large (1M rows),1000000,Sum,Gaussian,0.1,7348.6407981693,78.4047972,30,-100.0,100.0
OpenDP,Rust,Large (1M rows),1000000,Sum,Gaussian,0.5,1637.1659514872,77.7434129,30,-100.0,100.0
OpenDP,Rust,Large (1M rows),1000000,Sum,Gaussian,1.0,649.6957193802,78.0826956,30,-100.0,100.0
OpenDP,Rust,Large (1M rows),1000000,Sum,Gaussian,1.5,594.8947598233,77.9572273333,30,-100.0,100.0
OpenDP,Rust,Large (1M rows),1000000,Sum,Gaussian,2.0,458.0744683754,77.8912518,30,-100.0,100.0
OpenDP,Rust,Large (1M rows),1000000,Sum,Gaussian,2.5,321.2322055696,77.5742483,30,-100.0,100.0
OpenDP,Rust,Large (1M rows),1000000,Sum,Gaussian,3.0,344.3535167349,77.145416,30,-100.0,100.0
